source,title,company,location,job_type,salary,url,posted_at,skills,fit_score,fit_reasons
arbeitnow,Junior Data Scientist,Livescore9,London,,,https://www.arbeitnow.co.uk/jobs/companies/livescore9/junior-data-scientist-london-385613,1790438110,sql|python|r|a/b|statistics|regression,32,entry-level title
arbeitnow,Data Analyst (m/f/d),METYCLE,Cologne (GER),Experienced,,https://www.arbeitnow.com/jobs/companies/metycle/data-analyst-cologne-ger-27415,1790431800,sql|tableau|power bi|excel|snowflake|databricks,12,
arbeitnow,Freiberufliche Lehrkraft (w/m/d) für Data Analytics,Karrieretutor De,100% Remote in Deutschland,Experienced,,https://www.arbeitnow.com/jobs/companies/karrieretutor-de/remote-freiberufliche-lehrkraft-fur-data-analytics-355766,1790431760,,10,remote
arbeitnow,Freiberufliche Lehrkraft (w/m/d) für BI Analytics,Karrieretutor De,100% Remote in Deutschland,Experienced,,https://www.arbeitnow.com/jobs/companies/karrieretutor-de/remote-freiberufliche-lehrkraft-fur-bi-analytics-412922,1790431760,,10,remote
arbeitnow,Stage - Contrôle de Gestion & Data / Performance (H/F),Withings,"Issy-les-Moulineaux, France",Full time,,https://www.arbeitnow.fr/jobs/companies/withings/stage-controle-de-gestion-data-performance-h-f-issy-les-moulineaux-73105,1790364007,sql|python|excel|sap,8,
arbeitnow,Satellite Data Processing Engineer,planetlabs,Berlin,,,https://www.arbeitnow.com/jobs/companies/planetlabs/satellite-data-processing-engineer-berlin-1471,1790423716,sql|python,4,
arbeitnow,Data Validation Specialist,Addepar1,Edinburgh,,,https://www.arbeitnow.co.uk/jobs/companies/addepar1/data-validation-specialist-edinburgh-136746,1790438109,excel,2,
arbeitnow,Software Engineer (Machine Learning),Netcraft,"Manchester, Bath)",,,https://www.arbeitnow.co.uk/jobs/companies/netcraft/software-engineer-machine-learning-manchester-bath-372845,1790438105,sql,2,
arbeitnow,Business System Expert Data Management Workbench,Excelya,"Saclay, France",Full time,,https://www.arbeitnow.fr/jobs/companies/excelya/business-system-expert-data-management-workbench-saclay-51061,1790364012,gcp,2,
arbeitnow,Solutions Consultant - Alternatives Data Management (ADM),Addepar1,Edinburgh,,,https://www.arbeitnow.co.uk/jobs/companies/addepar1/solutions-consultant-alternatives-data-management-adm-edinburgh-405505,1790438109,,0,
arbeitnow,GRC Analyst,Radiant,London,Full Time,,https://www.arbeitnow.co.uk/jobs/companies/radiant/grc-analyst-london-181062,1790437210,,0,
arbeitnow,Thruster CAD and Stress Analyst,The Exploration Company,"Bordeaux, France",Full Time,,https://www.arbeitnow.fr/jobs/companies/the-exploration-company/thruster-cad-and-stress-analyst-bordeaux-105031,1790376008,,0,
remotive,Senior Data Scientist,Lemon.io,Remote,full_time,,https://remotive.com/remote-jobs/data/senior-data-scientist-2091129,2026-09-16T12:35:28,python|databricks,-100,senior-level (excluded)
arbeitnow,Senior Full-Stack Engineer - Data Intelligence Applications (m/f/d),Statista,Hamburg or Berlin,Full Time,,https://www.arbeitnow.com/jobs/companies/statista/senior-full-stack-engineer-data-intelligence-applications-hamburg-or-berlin-268781,1790433612,sql|aws,-100,senior-level (excluded)
arbeitnow,Senior Data Engineer & Consultant (all genders) – Microsoft Fabric,teccle group GmbH,Homeoffice,Experienced,,https://www.arbeitnow.com/jobs/companies/teccle-group-gmbh/remote-senior-data-engineer-consultant-all-genders-microsoft-fabric-berlin-191205,1790433014,sql|python|power bi|azure|spark|etl,-100,senior-level (excluded)
arbeitnow,Team Lead Weiterbildungen AI & Data Science am Umschulungsstandort (w/m/d),Karrieretutor De,Umschulungsstandort München,Experienced,,https://www.arbeitnow.com/jobs/companies/karrieretutor-de/team-lead-weiterbildungen-ai-data-science-am-umschulungsstandort-umschulungsstandort-munchen-244524,1790431760,python,-100,senior-level (excluded)
arbeitnow,Master Data Management Lead (gn),thequalitygroupgmbh2,remote,,,https://www.arbeitnow.com/jobs/companies/thequalitygroupgmbh2/remote-master-data-management-lead-gn-489583,1790423707,sap,-100,senior-level (excluded)
arbeitnow,Sr. Software Engineer - Reference Data,Addepar1,Edinburgh,,,https://www.arbeitnow.co.uk/jobs/companies/addepar1/sr-software-engineer-reference-data-edinburgh-81871,1790438109,databricks|statistics,-100,senior-level (excluded)
arbeitnow,"Lead, Data Validation Specialist",Addepar1,Edinburgh,,,https://www.arbeitnow.co.uk/jobs/companies/addepar1/lead-data-validation-specialist-edinburgh-110922,1790438109,excel,-100,senior-level (excluded)
arbeitnow,Group Reporting Manager,Radiant,London,Full Time,,https://www.arbeitnow.co.uk/jobs/companies/radiant/group-reporting-manager-london-459201,1790437210,excel,-100,senior-level (excluded)
arbeitnow,Senior Data Engineer - Analytics (x/f/m),Doctolib,"Paris, Paris",,,https://www.arbeitnow.fr/jobs/companies/doctolib/senior-data-engineer-analytics-paris-paris-9674,1790430907,,-100,senior-level (excluded)
arbeitnow,Senior Data Steward,Decathlontechnology,"Paris, Paris",,,https://www.arbeitnow.fr/jobs/companies/decathlontechnology/senior-data-steward-paris-paris-178481,1790387709,sql|python|databricks,-100,senior-level (excluded)
arbeitnow,Senior Data Scientist - Demand Forecast (f/m/d),Decathlontechnology,"Lille, Upline, Nord; Paris, Paris",,,https://www.arbeitnow.fr/jobs/companies/decathlontechnology/senior-data-scientist-demand-forecast-lille-upline-nord-paris-paris-488740,1790387709,sql|python|tableau|databricks|aws|spark|statistics,-100,senior-level (excluded)
arbeitnow,Senior Data Scientist - Demand Forecast (f/m/d),Decathlontechnology,"Lille, Upline, Nord; Paris, Paris",,,https://www.arbeitnow.fr/jobs/companies/decathlontechnology/senior-data-scientist-demand-forecast-lille-upline-nord-paris-paris-224273,1790387709,sql|python|tableau|databricks|aws|spark|statistics,-100,senior-level (excluded)
arbeitnow,Senior Data Analyst - Traffic / Acquisition (f/m/d),Decathlontechnology,"Lille, Upline, Nord",,,https://www.arbeitnow.fr/jobs/companies/decathlontechnology/senior-data-analyst-traffic-acquisition-lille-upline-nord-233226,1790387709,sql|tableau|databricks,-100,senior-level (excluded)
arbeitnow,Senior Data Analyst - Traffic / Acquisition,Decathlontechnology,"Paris, Paris",,,https://www.arbeitnow.fr/jobs/companies/decathlontechnology/senior-data-analyst-traffic-acquisition-paris-paris-401970,1790387709,sql|tableau|databricks,-100,senior-level (excluded)
arbeitnow,Business Development Manager (AI Data Solutions),TransPerfect,"Paris, Île-de-France, France",Experienced,,https://www.arbeitnow.fr/jobs/companies/transperfect/business-development-manager-ai-data-solutions-paris-183168,1790332227,,-100,senior-level (excluded)
arbeitnow,Business Development Manager - AI Data Solutions (Paris),TransPerfect,"Paris, Île-de-France, France",Experienced,,https://www.arbeitnow.fr/jobs/companies/transperfect/business-development-manager-ai-data-solutions-paris-47425,1790332227,,-100,senior-level (excluded)
arbeitnow,Staff Data Scientist,Duck Duck Go,Remote,Full Time,,https://www.arbeitnow.ch/jobs/companies/duck-duck-go/remote-staff-data-scientist-413722,1790444028,sql|python,-100,senior-level (excluded)
arbeitnow,Senior IT Business Analyst Insurance (all genders) CH,BSI Software,"Baar, Zug, Schweiz",Experienced,,https://www.arbeitnow.ch/jobs/companies/bsi-software/senior-it-business-analyst-insurance-all-genders-ch-baar-114821,1790443811,,-100,senior-level (excluded)
arbeitnow,Senior IT Business Analyst Banking (all genders) CH,BSI Software,"Baden, Aargau, Schweiz",Experienced,,https://www.arbeitnow.ch/jobs/companies/bsi-software/senior-it-business-analyst-banking-all-genders-ch-baden-476459,1790443811,,-100,senior-level (excluded)
